,elbow_angle_mean,elbow_angle_std,knee_angle_mean,knee_angle_std,release_height_mean,release_height_std,shoulder_alignment_mean,shoulder_alignment_std
0,71.27798404251428,43.5733835298203,17.80385143951975,23.160903867718776,0.5278566791252657,0.2017547249942355,0.03051225028254769,0.0248332788029919
