{
    "elbow_angles": [
        100.78730028839377,
        102.31520439303095,
        113.70493036300003,
        124.9091640018246,
        131.36014363419184,
        108.45889745205812,
        79.28726988026659,
        71.3034588066344,
        75.23235497932957,
        52.21648583434005,
        16.79517843161023,
        24.855974822154252,
        84.952490751034,
        137.5414772472052,
        4.057630779424391,
        14.634194985958315,
        32.09968704549624,
        34.68930202868069,
        16.933600421531935,
        26.088623340638613,
        77.63344817086036,
        138.25883127764973
    ],
    "knee_angles": [
        75.05547177830215,
        17.533452550300158,
        7.609568406174695,
        9.122444285633193,
        22.038373331885047,
        21.126541858392006,
        8.186663773394327,
        14.7585967451222,
        72.69113447434805,
        64.92308722137872,
        42.140346885613326,
        11.121117371695906,
        2.6901739944936978,
        0.3364829370269582,
        2.6112709054187686,
        2.7464461265267266,
        2.7739176255042195,
        2.442523802325809,
        1.1681022135136896,
        4.345643858346773,
        4.236123678259078,
        2.027247845778972
    ],
    "release_height": [
        0.7442954182624817,
        0.7362715601921082,
        0.7082774043083191,
        0.6406954526901245,
        0.5352760553359985,
        0.4399575889110565,
        0.3714340925216675,
        0.33903059363365173,
        0.30465608835220337,
        0.1930660605430603,
        0.1098090410232544,
        0.21560057997703552,
        0.3400278687477112,
        0.5408222079277039,
        0.7596742510795593,
        0.7612388730049133,
        0.6761130690574646,
        0.6562185287475586,
        0.7315616011619568,
        0.6882085800170898,
        0.6170579195022583,
        0.503554105758667
    ],
    "shoulder_alignment": [
        0.043513476848602295,
        0.04253965616226196,
        0.03292810916900635,
        0.028788268566131592,
        0.02332991361618042,
        0.008030712604522705,
        0.0006438493728637695,
        0.01754218339920044,
        0.026472806930541992,
        0.04549908638000488,
        0.07463395595550537,
        0.05854523181915283,
        0.0859188437461853,
        0.07222262024879456,
        0.04640743136405945,
        0.02666020393371582,
        0.010824412107467651,
        0.005765646696090698,
        0.004081845283508301,
        0.0025356411933898926,
        0.005208045244216919,
        0.009177565574645996
    ]
}