{
    "elbow_angles": [
        109.14298641507858,
        136.80546748407156,
        106.00235832853197,
        86.37877937266492,
        67.24787470088411,
        65.96004286326645,
        6.814828094488925,
        41.168773487012004,
        95.0000076485574,
        142.35726900812628,
        3.2324039750630686,
        16.656828412140317,
        32.25613468191347,
        12.490305258658093,
        1.2136138311486713,
        2.221228795546628,
        124.39352751141118,
        110.65765900617276,
        122.75534579410032
    ],
    "knee_angles": [
        144.75626009884536,
        83.12552908762777,
        33.63128113859147,
        55.533413183434206,
        68.13885651178994,
        49.699350125970604,
        29.650414922139213,
        8.365748589848236,
        2.968167117846001,
        0.7820634354788896,
        0.9366176314234373,
        1.468724503045862,
        0.33742550339363137,
        3.437978373113269,
        3.167046615912888,
        4.595634852597594,
        17.794810203429126,
        18.355464194721733,
        12.199157793231448
    ],
    "release_height": [
        0.7035326957702637,
        0.5911868810653687,
        0.43155181407928467,
        0.3520725667476654,
        0.25146716833114624,
        0.17985744774341583,
        0.10414722561836243,
        0.15438346564769745,
        0.27878397703170776,
        0.526133120059967,
        0.7462912797927856,
        0.7016026973724365,
        0.6486809253692627,
        0.7238209843635559,
        0.7115689516067505,
        0.6594892144203186,
        0.5733544826507568,
        0.5793218612670898,
        0.5828120708465576
    ],
    "shoulder_alignment": [
        0.015536308288574219,
        0.02034580707550049,
        0.01372218132019043,
        0.029129981994628906,
        0.023174554109573364,
        0.06111958622932434,
        0.07928726077079773,
        0.0869382917881012,
        0.1069037914276123,
        0.06673455238342285,
        0.049065858125686646,
        0.04377245903015137,
        0.02496054768562317,
        0.01891869306564331,
        0.012466907501220703,
        0.014299362897872925,
        0.006843388080596924,
        0.005068480968475342,
        0.009008020162582397
    ]
}