,elbow_angle_mean,elbow_angle_std,knee_angle_mean,knee_angle_std,release_height_mean,release_height_std,shoulder_alignment_mean,shoulder_alignment_std
0,67.51344392993877,49.68633410016624,28.365470730654764,36.786619606112964,0.5000030963044417,0.2088277537708152,0.03617347541608309,0.02960050837425192
