{
    "elbow_angles": [
        89.86721635960119,
        96.86749279957507,
        109.88169591966026,
        120.42089823816353,
        123.72073504510833,
        127.73628952354233,
        133.16191626093968,
        137.33369368824972,
        141.90142774317692,
        149.44075499136227,
        154.33861861903344,
        156.50012960427264,
        152.30899079813366,
        137.94814880688511,
        107.40604266509023,
        118.46739883543859,
        66.81875807481708,
        22.11161025928334,
        13.59033252479186,
        13.561603021930027,
        17.914627006873292,
        9.110843617544447,
        7.489304503427626,
        12.438160661227897,
        15.719510797944315,
        43.849078680132926,
        124.13107555555297,
        60.99630556896171,
        7.326496657379263,
        4.831164911842855,
        3.621124827176556
    ],
    "knee_angles": [
        1.4604689610452293,
        1.1976763136644568,
        0.18315720254976273,
        0.09075779559214704,
        0.4500888503201319,
        0.8736579569985499,
        2.915107609276879,
        8.689326879924142,
        22.614609864925566,
        42.93440495430681,
        43.71281261076499,
        33.417575662060635,
        32.19346268384007,
        48.155232407399424,
        53.650281181613174,
        40.52741549681663,
        19.20390778338474,
        14.542792316492237,
        18.93729760674085,
        16.87910879201659,
        6.135950458922034,
        13.742925944301547,
        11.212477753069225,
        10.1615957075182,
        9.510699974119163,
        9.621293751967173,
        19.278160358748114,
        29.98074148275914,
        31.598370665066756,
        24.741414113321813,
        10.882191289781005
    ],
    "release_height": [
        0.40824782848358154,
        0.4053663909435272,
        0.39996209740638733,
        0.3937932252883911,
        0.39208200573921204,
        0.3915267586708069,
        0.38955971598625183,
        0.3899105191230774,
        0.39014115929603577,
        0.3849773108959198,
        0.38238033652305603,
        0.38405531644821167,
        0.3848152160644531,
        0.37016579508781433,
        0.36938995122909546,
        0.3518413305282593,
        0.25806334614753723,
        0.1894482523202896,
        0.1426115781068802,
        0.12164306640625,
        0.16187529265880585,
        0.20662996172904968,
        0.21240299940109253,
        0.2104346603155136,
        0.2172091156244278,
        0.2520109713077545,
        0.33130231499671936,
        0.45326101779937744,
        0.5359348058700562,
        0.5337227582931519,
        0.5341156721115112
    ],
    "shoulder_alignment": [
        0.0029065608978271484,
        0.0013578534126281738,
        0.001632392406463623,
        0.0018699467182159424,
        0.0014656484127044678,
        0.002251237630844116,
        0.002651125192642212,
        0.0020229220390319824,
        0.0007576644420623779,
        1.5139579772949219e-05,
        0.0023595988750457764,
        0.0003230571746826172,
        0.0030680298805236816,
        0.00576898455619812,
        0.0032347440719604492,
        0.004899799823760986,
        0.01638123393058777,
        0.024285972118377686,
        0.024492502212524414,
        0.030000239610671997,
        0.017455697059631348,
        0.028015464544296265,
        0.026097357273101807,
        0.02309519052505493,
        0.017415940761566162,
        0.015676558017730713,
        0.009132564067840576,
        0.000697702169418335,
        0.005334526300430298,
        0.0014787912368774414,
        0.00037038326263427734
    ]
}