,elbow_angle_mean,elbow_angle_std,knee_angle_mean,knee_angle_std,release_height_mean,release_height_std,shoulder_alignment_mean,shoulder_alignment_std
0,80.0261756957135,56.68998956201854,18.693385949332495,15.425353654776087,0.34028647647749993,0.11156613887138386,0.00891983316790673,0.009800518290827464
