{
    "elbow_angles": [
        113.22416684125426,
        120.74099025686218,
        135.69533149303797,
        146.84155802006273,
        150.16827091514062,
        146.56990136229027,
        151.87115913663257,
        145.41997132233928,
        125.08831688585283,
        88.68850301308657,
        35.30753098234369,
        5.055418009892341,
        19.345072727328578,
        14.370831539573016,
        35.73775189512542,
        22.66698418037872,
        32.811703007579766,
        74.95140621228579,
        96.8012850272011,
        30.64575085075791,
        6.78141353062308,
        4.161305280284805,
        8.078657661808188,
        11.227060050353339,
        26.197115838792655,
        41.31249917315171,
        59.45880823935585,
        52.435260272842555,
        31.413723104865305,
        12.251975421121472,
        5.006404873631846,
        9.010191807299869,
        17.094189731278423,
        23.66053665117544,
        19.368008742865626,
        24.694461083936115
    ],
    "knee_angles": [
        13.352085862716654,
        15.186450584382941,
        20.50125770419687,
        26.797803431329772,
        41.01465593177212,
        41.551131041236985,
        37.917035193463434,
        45.309959578809405,
        47.067589160930595,
        38.82682089495572,
        17.6240670645692,
        21.400897551341036,
        18.864937146989813,
        11.367730039554255,
        8.576149386143998,
        10.58427214014305,
        8.558022944640923,
        8.006142497373203,
        7.352908727049135,
        8.666521818782384,
        28.530350189478558,
        31.81078489086083,
        26.135948958436426,
        12.95729665659889,
        7.918281668730298,
        9.519659758732017,
        8.006744422113913,
        9.0025427555612,
        1.8693946837965396,
        1.4055072015326293,
        11.654677615713167,
        11.105722122845519,
        5.317726107045996,
        0.18691174998346213,
        6.077592137602264,
        3.9641229013754526
    ],
    "release_height": [
        0.6023926138877869,
        0.6053140759468079,
        0.6117193102836609,
        0.6198409199714661,
        0.6257628798484802,
        0.6218740940093994,
        0.6181622743606567,
        0.6325463056564331,
        0.6578291654586792,
        0.7001746892929077,
        0.770285964012146,
        0.8306512832641602,
        0.8719668984413147,
        0.8603066205978394,
        0.8210421204566956,
        0.8015012741088867,
        0.7865457534790039,
        0.74676114320755,
        0.6489501595497131,
        0.5428191423416138,
        0.5083245635032654,
        0.5063186883926392,
        0.49453040957450867,
        0.496193528175354,
        0.5160008668899536,
        0.5371415615081787,
        0.548251211643219,
        0.5330678224563599,
        0.49586257338523865,
        0.48322585225105286,
        0.4795258045196533,
        0.48340344429016113,
        0.4958614408969879,
        0.505925714969635,
        0.5070254802703857,
        0.509476363658905
    ],
    "shoulder_alignment": [
        0.00432819128036499,
        0.007027566432952881,
        0.004539906978607178,
        0.0017704367637634277,
        0.0028347373008728027,
        6.753206253051758e-05,
        0.001647353172302246,
        0.0031357407569885254,
        0.0028285980224609375,
        0.0007160305976867676,
        0.011113286018371582,
        0.024205684661865234,
        0.022546708583831787,
        0.02340519428253174,
        0.03830927610397339,
        0.01977163553237915,
        0.010499835014343262,
        0.009243428707122803,
        0.004934906959533691,
        0.0030633211135864258,
        0.005483150482177734,
        0.004710018634796143,
        0.0020903348922729492,
        0.002358555793762207,
        0.0013398528099060059,
        0.000515282154083252,
        0.0023449063301086426,
        0.001877129077911377,
        0.0004107952117919922,
        0.0025343894958496094,
        0.006717681884765625,
        0.005729079246520996,
        0.003059685230255127,
        0.007022082805633545,
        0.004588186740875244,
        0.002765357494354248
    ]
}