{
    "elbow_angles": [
        23.53304170259851,
        36.774092087314266,
        52.74965026384019,
        62.52877677071604,
        63.117689664771426,
        58.76540792350647,
        48.81466042716212,
        45.431620940943134,
        43.41609636072257,
        39.703312746910186,
        37.94014145109522,
        33.04997871559599,
        34.70267264472557,
        39.12821732879019,
        39.30947221663351,
        41.68855760380237,
        39.50122580862422,
        52.81705223567659,
        62.73463186325763,
        39.178109012716924,
        4.260569173310506,
        2.979736221804718,
        25.558457789803843,
        38.383431285303686,
        20.335156928601574,
        17.92612636495915,
        69.6983301078279,
        159.41817634029172,
        157.21849977587914,
        120.51999053864856,
        112.41699901053961,
        79.62592763554518,
        25.227066073180282,
        10.556395123853601,
        10.864279527186664,
        12.263912747648316,
        11.031286310304576,
        8.692647131980198,
        16.374905493902574,
        34.96073830682906,
        103.26226359681696,
        86.12940646348542,
        6.595201957989698,
        2.9202496793318637,
        7.531144882255232,
        10.8445378363451,
        11.918509961193594,
        25.797265804841558,
        50.775093535669306
    ],
    "knee_angles": [
        13.157361121431562,
        12.383307613059669,
        11.57484220207975,
        12.482795741995647,
        13.054449895720806,
        23.540285594105615,
        41.53868383306378,
        38.27562638586293,
        31.865769764024243,
        20.540075565721533,
        13.005478250777534,
        19.017964740834422,
        22.134319253825893,
        21.424285956533804,
        20.27188197801956,
        22.593694299182335,
        25.646142738105564,
        26.712655996578615,
        28.410648928650108,
        30.878934556785897,
        32.92402005035879,
        11.581690683137962,
        15.831922473774314,
        25.74377901652806,
        23.52420337956495,
        29.27592441896377,
        26.93386241508662,
        33.15934085668804,
        35.43182863675937,
        42.61176994367947,
        40.677197730410704,
        26.38404814010066,
        12.54309091441409,
        11.653017054156685,
        5.765431297298326,
        7.298098276238895,
        8.46223735250489,
        7.079354871559756,
        5.15165449063472,
        4.926991436317143,
        8.170111303631021,
        5.146299378056642,
        4.2896173656353085,
        14.743998793136607,
        23.544546732190256,
        28.159835873506545,
        23.14427611755172,
        13.35049040933403,
        4.031639181671883
    ],
    "release_height": [
        0.5249378085136414,
        0.5250154137611389,
        0.5058891773223877,
        0.49590298533439636,
        0.49870893359184265,
        0.5016459226608276,
        0.5036700963973999,
        0.5043427348136902,
        0.5073427557945251,
        0.5114936232566833,
        0.5207781195640564,
        0.5524445176124573,
        0.5611305236816406,
        0.5505864024162292,
        0.5500361323356628,
        0.553864061832428,
        0.5555785298347473,
        0.5528796911239624,
        0.5692657232284546,
        0.6263991594314575,
        0.6375859379768372,
        0.6399405002593994,
        0.6130658388137817,
        0.5536213517189026,
        0.5366805791854858,
        0.5452765822410583,
        0.5250779390335083,
        0.5029322504997253,
        0.4441186785697937,
        0.4239204525947571,
        0.4030986428260803,
        0.3042423725128174,
        0.25691792368888855,
        0.16544100642204285,
        0.1726318746805191,
        0.19366717338562012,
        0.22010406851768494,
        0.22420170903205872,
        0.22494390606880188,
        0.2476457804441452,
        0.3334285020828247,
        0.4750690758228302,
        0.5947282314300537,
        0.5715742707252502,
        0.543704092502594,
        0.5528227686882019,
        0.5729702711105347,
        0.5784652829170227,
        0.5428084135055542
    ],
    "shoulder_alignment": [
        0.015009969472885132,
        0.011204838752746582,
        0.007852792739868164,
        0.00035122036933898926,
        0.004172325134277344,
        0.01205599308013916,
        0.010872125625610352,
        0.003634244203567505,
        0.0015321075916290283,
        5.161762237548828e-05,
        0.001277148723602295,
        0.00012627243995666504,
        0.000758826732635498,
        0.0005286931991577148,
        0.002805083990097046,
        0.0060648322105407715,
        0.009087920188903809,
        0.006772071123123169,
        0.015276461839675903,
        0.020964115858078003,
        0.027583837509155273,
        0.01978898048400879,
        0.009285211563110352,
        0.0018474161624908447,
        0.001864105463027954,
        0.0019292235374450684,
        0.006380826234817505,
        0.0024800002574920654,
        0.0015523731708526611,
        0.004857957363128662,
        0.0057159364223480225,
        0.012800365686416626,
        0.021890461444854736,
        0.03674358129501343,
        0.03106778860092163,
        0.027469933032989502,
        0.016079723834991455,
        0.01782938838005066,
        0.016516685485839844,
        0.01622757315635681,
        0.007251739501953125,
        0.002817809581756592,
        0.0003152787685394287,
        0.0007468760013580322,
        0.000530928373336792,
        0.0009359121322631836,
        0.0026193857192993164,
        0.0055668652057647705,
        0.005268067121505737
    ]
}