,elbow_angle_mean,elbow_angle_std,knee_angle_mean,knee_angle_std,release_height_mean,release_height_std,shoulder_alignment_mean,shoulder_alignment_std
0,43.65246353825985,36.343510563915174,20.001009857331642,10.735542231276233,0.47495097530131436,0.13197076944849184,0.008905365150801989,0.009012415712003004
