,elbow_angle_mean,elbow_angle_std,knee_angle_mean,knee_angle_std,release_height_mean,release_height_std,shoulder_alignment_mean,shoulder_alignment_std
0,44.59753968493408,37.592336190031894,28.78351695518243,10.48100098911578,0.470503222288155,0.13399118653655273,0.012916990169664709,0.010261689341141158
