{
    "elbow_angles": [
        28.00380872095941,
        31.1972343183208,
        33.104213551307765,
        34.33206814845066,
        35.316851691984404,
        39.76629443770824,
        40.84258167036516,
        40.6933271320091,
        41.269763122284424,
        40.085447665726896,
        40.79543301981049,
        48.16368872822866,
        71.89329795751331,
        48.14112265894975,
        20.69821101830565,
        12.215262322042902,
        36.765181759693974,
        27.52504670107154,
        10.259588593025951,
        17.49875407944356,
        49.90268905078085,
        133.36241217774622,
        160.09431041289992,
        145.37593931339484,
        116.97831291409405,
        106.46876719529737,
        69.39957533137137,
        18.83514934545857,
        23.406256254579695,
        22.03412848448685,
        24.465302152332857,
        27.58889009308572,
        41.67947756214408,
        84.10056156954047,
        45.5351049949736,
        11.312377826155664,
        2.9609363377112774,
        4.3678493826690445,
        4.839018438836275,
        13.908055225656112,
        23.316835721879865
    ],
    "knee_angles": [
        33.9177660450144,
        42.04860627890366,
        32.562439493220126,
        16.166534580938503,
        13.668280804727633,
        21.89472189700018,
        26.19452278593004,
        27.054798368665725,
        30.28456362697898,
        33.3863594935582,
        35.41867083409458,
        34.477314365783826,
        37.49817699059896,
        43.763251206887645,
        36.87498199034354,
        21.656875602479193,
        33.77412349877012,
        42.47619463606129,
        30.72691493499857,
        28.757981774934706,
        32.190419123348164,
        37.393433545103456,
        40.826101877622506,
        48.87870332139341,
        49.3109773582065,
        40.591586246130184,
        18.52516182381178,
        16.70391948790873,
        26.626438445943396,
        27.383846563468023,
        23.784744227894592,
        21.149050678363288,
        20.250361857880275,
        14.04930419562591,
        14.246497757858576,
        11.162285312050752,
        4.043132993459552,
        17.81418494447999,
        32.5922847375775,
        32.4284661213129,
        27.570215333150387
    ],
    "release_height": [
        0.5338965654373169,
        0.5322742462158203,
        0.5326088666915894,
        0.5331660509109497,
        0.5434955954551697,
        0.5632689595222473,
        0.5660781264305115,
        0.5615038275718689,
        0.5627843141555786,
        0.5635150074958801,
        0.5657749772071838,
        0.5646898746490479,
        0.5689824223518372,
        0.6078280806541443,
        0.627317488193512,
        0.6027105450630188,
        0.5347262620925903,
        0.5060064196586609,
        0.5301150679588318,
        0.5339327454566956,
        0.5132787227630615,
        0.4810886085033417,
        0.44589588046073914,
        0.40406334400177,
        0.3879910409450531,
        0.35462912917137146,
        0.2698475122451782,
        0.18765704333782196,
        0.1477215439081192,
        0.16074229776859283,
        0.19440564513206482,
        0.2462303340435028,
        0.26752498745918274,
        0.33821845054626465,
        0.4620298743247986,
        0.556219756603241,
        0.5587815046310425,
        0.5449819564819336,
        0.5520504713058472,
        0.550445556640625,
        0.5321530103683472
    ],
    "shoulder_alignment": [
        0.005322307348251343,
        0.005788087844848633,
        0.008259892463684082,
        0.014116466045379639,
        0.014333069324493408,
        0.015163213014602661,
        0.01690763235092163,
        0.022271394729614258,
        0.02597823739051819,
        0.02577689290046692,
        0.02332976460456848,
        0.020281553268432617,
        0.025369703769683838,
        0.029930830001831055,
        0.033009082078933716,
        0.033172398805618286,
        0.012162566184997559,
        0.0065014660358428955,
        0.008510231971740723,
        0.006315022706985474,
        0.009190768003463745,
        0.0005685091018676758,
        0.005572140216827393,
        0.0014623701572418213,
        0.0018766522407531738,
        0.007218867540359497,
        0.01659071445465088,
        0.025678396224975586,
        0.026697427034378052,
        0.017553001642227173,
        0.01896408200263977,
        0.02719050645828247,
        0.00409388542175293,
        0.0011418461799621582,
        0.004466503858566284,
        0.0035633742809295654,
        0.0012628138065338135,
        0.0011487305164337158,
        0.0013412535190582275,
        0.000591576099395752,
        0.0009233653545379639
    ]
}