,elbow_angle_mean,elbow_angle_std,knee_angle_mean,knee_angle_std,release_height_mean,release_height_std,shoulder_alignment_mean,shoulder_alignment_std
0,138.9,0.7999999999999993,120.52000000000001,1.2702755606560323,0.8019999999999999,0.012489995996796776,0.059,0.01135781669160055
