,elbow_angle_mean,elbow_angle_std,knee_angle_mean,knee_angle_std,release_height_mean,release_height_std,shoulder_alignment_mean,shoulder_alignment_std
0,146.03000000000003,0.7403377607551878,133.17000000000002,0.7537240874484494,0.853,0.009000000000000008,0.020999999999999998,0.007
