{
    "elbow_angles": [
        117.01398465641249,
        118.91082705113713,
        122.0610533351864,
        125.86523009840609,
        134.1889803733861,
        139.49858711422377,
        143.90183907065432,
        146.80358186757982,
        149.70003435924627,
        143.45142491573094,
        119.92267304905047,
        111.27010385386467,
        114.72360926070496,
        69.47968128490157,
        25.354816071444333,
        19.312038095638695,
        12.450676108696289,
        9.966002179923866,
        10.432113313965205,
        9.831742889581006,
        14.337554561677436,
        22.224285518622544,
        57.79793510128083,
        114.38381037493942,
        66.8454444039933,
        13.012903755104618,
        1.4749227925818271,
        1.9938554855937294,
        11.098470028783533,
        16.470049417931136,
        45.10493190990992,
        61.31368837042804,
        52.12410618327166,
        35.603905253528765,
        9.384948296447323,
        10.336127089901938,
        12.258013360952809
    ],
    "knee_angles": [
        4.714028248154127,
        5.0057612502010045,
        5.269050446211348,
        6.1316049043263225,
        10.689637028527347,
        24.183119024055248,
        32.20178758923419,
        29.3278310894282,
        33.0921044022101,
        43.13235702449531,
        49.138807782204175,
        49.04568195259231,
        50.28079591339299,
        21.203139020419833,
        17.894822808490414,
        19.38996058870245,
        15.253127541713996,
        4.332762586043219,
        12.860321401220979,
        14.348295001292126,
        7.962337337180981,
        7.849830119560783,
        9.463904687857234,
        12.755872309440358,
        21.04131026502564,
        34.425222978654894,
        39.444308442476654,
        32.104025194213484,
        15.620428004641159,
        2.9346791467574085,
        4.308098134740802,
        10.873864640186166,
        5.713752643360228,
        0.07997845785033432,
        0.9953191196899223,
        0.9742351570012724,
        0.6183839013514635
    ],
    "release_height": [
        0.5167924761772156,
        0.5153067708015442,
        0.5152477025985718,
        0.5164000391960144,
        0.5196276903152466,
        0.5178898572921753,
        0.5153058171272278,
        0.5156247615814209,
        0.5144073367118835,
        0.5008236169815063,
        0.49071651697158813,
        0.4949166476726532,
        0.4728802442550659,
        0.38038361072540283,
        0.2958609163761139,
        0.2636905610561371,
        0.2848255932331085,
        0.33862796425819397,
        0.36736640334129333,
        0.3926945924758911,
        0.3932214379310608,
        0.3963618278503418,
        0.44786742329597473,
        0.5404624342918396,
        0.6728261113166809,
        0.7590643763542175,
        0.7663055658340454,
        0.7683559060096741,
        0.7766305804252625,
        0.7761587500572205,
        0.7421521544456482,
        0.721010148525238,
        0.7237585186958313,
        0.7593600749969482,
        0.785315215587616,
        0.770119309425354,
        0.7756847739219666
    ],
    "shoulder_alignment": [
        0.003963589668273926,
        0.0030184388160705566,
        0.0016790330410003662,
        0.00024193525314331055,
        0.0035293400287628174,
        0.005995333194732666,
        0.007700473070144653,
        0.00262451171875,
        0.0039027631282806396,
        0.0002677440643310547,
        0.004240095615386963,
        0.005070090293884277,
        0.0072310566902160645,
        0.019267261028289795,
        0.03269258141517639,
        0.02794751524925232,
        0.02384859323501587,
        0.01752406358718872,
        0.027569830417633057,
        0.01619035005569458,
        0.017082810401916504,
        0.018178880214691162,
        0.015349030494689941,
        0.011940956115722656,
        0.002920806407928467,
        0.006309926509857178,
        0.003912806510925293,
        0.0036327242851257324,
        0.0029819607734680176,
        0.00023233890533447266,
        0.0015912055969238281,
        0.00012809038162231445,
        0.001307666301727295,
        0.0029160380363464355,
        0.006567656993865967,
        0.007067263126373291,
        0.01361912488937378
    ]
}