{
    "elbow_angles": [
        137.01598140769238,
        140.14596226425016,
        144.50270464203666,
        147.031285584366,
        146.63879567761077,
        150.48836950754637,
        154.1762770308646,
        154.3443958627453,
        134.36634292750887,
        110.85527503247738,
        121.03710851475616,
        91.38140846719942,
        41.549772531597796,
        3.4274878471681136,
        14.587521917669278,
        14.121213201792813,
        10.672226772153264,
        6.962022267060623,
        5.425839325199624,
        5.5389386459234,
        10.719136355576245,
        13.92450916263549,
        52.27945572940812,
        119.40120896197907,
        88.32206074943541,
        19.452855444291018,
        3.6200232846097364,
        5.408696071360951,
        6.470870394336577,
        10.129361970002538,
        22.937694150620047,
        33.82597609990547
    ],
    "knee_angles": [
        14.178916303813699,
        16.45202679889303,
        22.00720540998372,
        23.35965109191236,
        20.45836589293197,
        23.350062808439606,
        30.596329593472618,
        36.79994762559884,
        44.48022501113031,
        52.67180855724561,
        50.538338012792906,
        37.890905257402885,
        20.225284580903335,
        17.884399825134782,
        19.52152299498132,
        12.488134368056208,
        2.98192476962407,
        13.642580004864639,
        11.438914762060223,
        11.263409607640611,
        9.034364121019411,
        7.357617229478415,
        8.81139599119947,
        27.065633133277423,
        26.565466571582277,
        27.386499795742953,
        9.094981054691607,
        2.9510487965319743,
        1.126774538888159,
        6.849045534923258,
        4.978843790579064,
        1.5774612218546418
    ],
    "release_height": [
        0.5144791603088379,
        0.5170022249221802,
        0.5220437049865723,
        0.5243041515350342,
        0.5246660709381104,
        0.5242822170257568,
        0.5237665176391602,
        0.5430476069450378,
        0.5705146789550781,
        0.5707217454910278,
        0.5680131912231445,
        0.6257333755493164,
        0.6933029890060425,
        0.7737671732902527,
        0.86790931224823,
        0.8497190475463867,
        0.8112587928771973,
        0.7550684809684753,
        0.7400121092796326,
        0.7528587579727173,
        0.7559754848480225,
        0.7471029758453369,
        0.7002196907997131,
        0.6069127321243286,
        0.4917708933353424,
        0.4089043140411377,
        0.3859312832355499,
        0.39864087104797363,
        0.39647454023361206,
        0.400516539812088,
        0.41312023997306824,
        0.43051448464393616
    ],
    "shoulder_alignment": [
        0.004101693630218506,
        0.004929542541503906,
        0.0055849552154541016,
        0.0055329203605651855,
        0.005072355270385742,
        0.006221771240234375,
        0.010214626789093018,
        0.003688633441925049,
        0.00707322359085083,
        0.0006420612335205078,
        0.002285599708557129,
        0.002686798572540283,
        0.0018673539161682129,
        0.025440633296966553,
        0.03719186782836914,
        0.029786109924316406,
        0.027308344841003418,
        0.021164119243621826,
        0.023577451705932617,
        0.021548211574554443,
        0.01955580711364746,
        0.013774514198303223,
        0.012165963649749756,
        0.0032075047492980957,
        0.0020285844802856445,
        0.0009082555770874023,
        0.002812623977661133,
        0.002460300922393799,
        0.0004438161849975586,
        0.0004521608352661133,
        0.00101393461227417,
        0.0013977289199829102
    ]
}