,elbow_angle_mean,elbow_angle_std,knee_angle_mean,knee_angle_std,release_height_mean,release_height_std,shoulder_alignment_mean,shoulder_alignment_std
0,66.27377430630561,59.988645874040756,19.219658908020357,13.653183772883711,0.5908923549577594,0.1444211329568498,0.009566858410835266,0.010166129318675617
