{
    "elbow_angles": [
        13.865934477948358,
        57.41223721149102,
        165.1699508060813,
        164.47278891840705,
        11.27453306785206,
        43.25867003783199,
        33.97437802266465,
        41.42252211667725,
        30.859166261120404,
        80.24714045496833,
        63.4617780634396,
        86.49459861874573,
        24.96470381748119,
        39.67764903082757,
        67.38619673681275,
        132.93358962963438,
        65.57052644904869,
        16.82532858183578,
        16.931525464426542,
        12.00430705847511,
        43.94721575611193,
        99.66417507508719,
        67.97818607989423,
        2.9287676930404007,
        7.216539824639801,
        9.463311888256715,
        18.363735646881423,
        14.425176575781391,
        14.45529063750155,
        13.710988768567207,
        16.998173066922668,
        35.91723429891126
    ],
    "knee_angles": [
        8.569854992023958,
        9.136393232458502,
        8.955161476491343,
        8.972932689825319,
        7.982329289217299,
        4.242292026206322,
        1.8196719084188966,
        3.044221672061303,
        1.1846118768571305,
        0.2900036756335173,
        1.9085416290709807,
        6.74771906440386,
        10.601978719392692,
        11.60848930639594,
        10.375245850461612,
        10.34090676290467,
        5.115611699716093,
        1.3018513789071953,
        2.318980157857822,
        2.1725216216996115,
        2.16093191333553,
        3.027477293827041,
        4.909402120856296,
        3.8323406563882902,
        1.1770754618449935,
        1.866204149916698,
        2.0704404703730033,
        7.254745421612875,
        9.330984623776391,
        17.897771960882995,
        19.95349464616027,
        24.307834169217895
    ],
    "release_height": [
        0.07929167151451111,
        0.11842454969882965,
        0.2536585330963135,
        0.382510244846344,
        0.5270863771438599,
        0.4694693386554718,
        0.4904347360134125,
        0.48392003774642944,
        0.48422113060951233,
        0.45076751708984375,
        0.43973881006240845,
        0.430574506521225,
        0.5023214221000671,
        0.5180975794792175,
        0.48996275663375854,
        0.3894025683403015,
        0.11444619297981262,
        0.002631566021591425,
        0.0005269191460683942,
        0.05960828438401222,
        0.1476314216852188,
        0.2700280249118805,
        0.40665215253829956,
        0.556586742401123,
        0.5251392722129822,
        0.4614369571208954,
        0.424771249294281,
        0.451538622379303,
        0.5169878005981445,
        0.5144643187522888,
        0.4729376435279846,
        0.4669228792190552
    ],
    "shoulder_alignment": [
        0.05034652352333069,
        0.04912123084068298,
        0.048352956771850586,
        0.02289608120918274,
        0.009996265172958374,
        0.006222754716873169,
        0.006616055965423584,
        0.009873121976852417,
        0.010903775691986084,
        0.011828958988189697,
        0.008981555700302124,
        0.009251296520233154,
        0.009423762559890747,
        0.015456467866897583,
        0.0166570246219635,
        0.0011931359767913818,
        0.015881314873695374,
        0.006940066814422607,
        0.0019330233335494995,
        0.0048710256814956665,
        0.001615479588508606,
        0.0016060471534729004,
        0.0035229921340942383,
        0.0033254623413085938,
        0.011426866054534912,
        0.006377130746841431,
        0.010380923748016357,
        0.007443636655807495,
        0.006192415952682495,
        0.004584401845932007,
        0.0031148195266723633,
        0.002964407205581665
    ]
}