,elbow_angle_mean,elbow_angle_std,knee_angle_mean,knee_angle_std,release_height_mean,release_height_std,shoulder_alignment_mean,shoulder_alignment_std
0,47.28988500429267,42.79575179371275,6.702438184943635,5.688737077415015,0.371943494585139,0.1713002539555615,0.011853155680000782,0.012983549029494116
