{
    "elbow_angles": [
        31.58403172426256,
        39.34745305562824,
        30.933513646089686,
        32.28034861485802,
        136.3347019332927,
        94.61697891351862,
        85.51685471526667,
        75.25731266069153,
        59.66012543786726,
        25.33515298508188,
        95.0771447592091,
        107.3780130245975,
        54.180407325948856,
        31.017331900251236,
        32.78599709947047,
        42.42767642841413,
        133.74358331374077,
        57.81859778800945,
        8.420461143215654,
        7.2490540648303705,
        13.688186381944027,
        7.282596946556685,
        6.072770215002096,
        25.824518398869884,
        11.294113842774607,
        8.02952997897761,
        26.527063687175975,
        76.1681789870274,
        103.87913809396129,
        2.0377082064679426,
        6.464380344825242,
        3.455981030228072
    ],
    "knee_angles": [
        3.129724227807638,
        3.399964587565052,
        3.225063465867353,
        3.5792090532727894,
        0.03964931349837088,
        2.3343659874618172,
        0.19073485546454377,
        2.0379159475626634,
        1.8022991708191471,
        1.0109431386520256,
        1.0035904812002805,
        0.8899934456005416,
        2.147310996462734,
        3.9931354147201388,
        4.06174716088806,
        6.1636529652052205,
        7.045878917332868,
        9.292427389501281,
        4.567061805309613,
        4.45746423374617,
        0.6685024159906755,
        3.8624342356720964,
        2.9419812574893633,
        2.6829992484492373,
        1.9334621773028646,
        0.481449260009678,
        1.9268052731554877,
        0.6733512248759165,
        0.16675674336765264,
        0.23956942142393572,
        0.07304426691805148,
        1.304709529370963
    ],
    "release_height": [
        0.5248444676399231,
        0.5039777755737305,
        0.5055615901947021,
        0.5072893500328064,
        0.4448126554489136,
        0.4609661102294922,
        0.46632105112075806,
        0.4745176136493683,
        0.48542922735214233,
        0.5002954006195068,
        0.43628108501434326,
        0.42019322514533997,
        0.4419986605644226,
        0.4679509401321411,
        0.5232783555984497,
        0.5208423733711243,
        0.38726988434791565,
        0.17044326663017273,
        0.08366717398166656,
        0.04774894192814827,
        0.07967021316289902,
        0.12352609634399414,
        0.17031528055667877,
        0.17662593722343445,
        0.17616239190101624,
        0.17861616611480713,
        0.18470503389835358,
        0.26456859707832336,
        0.36500126123428345,
        0.5138920545578003,
        0.5410053730010986,
        0.508651852607727
    ],
    "shoulder_alignment": [
        0.0010184645652770996,
        0.0005941689014434814,
        0.000519871711730957,
        0.002472400665283203,
        0.004372209310531616,
        0.005827426910400391,
        0.002335488796234131,
        0.0034272074699401855,
        0.004677623510360718,
        0.005338072776794434,
        0.00019657611846923828,
        0.003830134868621826,
        0.006137549877166748,
        0.007932990789413452,
        0.008617579936981201,
        0.010579109191894531,
        0.005158126354217529,
        0.004922330379486084,
        0.002284303307533264,
        0.008073300123214722,
        0.009794458746910095,
        0.02476702630519867,
        0.0076112449169158936,
        0.0011988580226898193,
        0.0036527812480926514,
        0.005498677492141724,
        0.003162950277328491,
        0.005917578935623169,
        0.013739734888076782,
        0.016531258821487427,
        0.013533830642700195,
        0.011495977640151978
    ]
}